timestamp,latitude,longitude
2024-07-24 19:13:00.023774,36.54125233333333,128.79315266666666
2024-07-24 19:13:00.125027,36.541252,128.7931535
2024-07-24 19:13:00.227654,36.54125183333333,128.7931545
2024-07-24 19:13:00.320069,36.5412515,128.79315566666668
2024-07-24 19:13:00.433119,36.54125116666667,128.79315666666668
2024-07-24 19:13:00.574954,36.541250833333336,128.79315766666667
2024-07-24 19:13:00.670009,36.54125066666667,128.7931585
2024-07-24 19:13:00.774494,36.5412505,128.79315933333334
2024-07-24 19:13:00.888462,36.54125016666666,128.79316033333333
2024-07-24 19:13:01.023799,36.5412495,128.79316183333333
2024-07-24 19:13:01.124884,36.54124916666667,128.79316266666666
2024-07-24 19:13:01.221085,36.541249,128.7931635
2024-07-24 19:13:01.326494,36.54124883333333,128.79316416666666
2024-07-24 19:13:01.435125,36.5412485,128.793165
2024-07-24 19:13:01.570400,36.541248333333336,128.7931665
2024-07-24 19:13:01.671957,36.54124816666667,128.79316766666668
2024-07-24 19:13:01.772230,36.54124783333334,128.79316883333334
2024-07-24 19:13:01.883323,36.54124766666666,128.79316966666667
2024-07-24 19:13:01.977275,36.5412475,128.79317033333334
2024-07-24 19:13:02.074441,36.54124733333333,128.79317116666667
2024-07-24 19:13:02.163171,36.541247166666665,128.79317216666666
2024-07-24 19:13:02.271253,36.541247,128.79317316666666
2024-07-24 19:13:02.377700,36.541246666666666,128.79317416666666
2024-07-24 19:13:02.475841,36.54124633333333,128.79317533333332
2024-07-24 19:13:02.580282,36.54124616666667,128.79317616666663
2024-07-24 19:13:02.677351,36.541246,128.793177
2024-07-24 19:13:02.775341,36.541245833333335,128.79317783333337
2024-07-24 19:13:02.882734,36.541245833333335,128.79317866666668
2024-07-24 19:13:03.019255,36.54124566666667,128.79318033333334
2024-07-24 19:13:03.120404,36.54124566666667,128.7931815
2024-07-24 19:13:03.219424,36.5412455,128.7931825
2024-07-24 19:13:03.322058,36.5412455,128.7931831666667
2024-07-24 19:13:03.430939,36.5412455,128.79318383333333
2024-07-24 19:13:03.519849,36.5412455,128.79318483333333
2024-07-24 19:13:03.621462,36.541245333333336,128.79318566666666
2024-07-24 19:13:03.720742,36.541245333333336,128.79318666666666
2024-07-24 19:13:03.836996,36.54124516666667,128.79318783333332
2024-07-24 19:13:03.963217,36.541245,128.79318933333334
2024-07-24 19:13:04.070844,36.541245,128.79319
2024-07-24 19:13:04.169843,36.54124483333333,128.79319083333334
2024-07-24 19:13:04.269801,36.54124483333333,128.79319183333334
2024-07-24 19:13:04.377279,36.54124483333333,128.79319283333334
2024-07-24 19:13:04.485322,36.54124483333333,128.79319383333333
2024-07-24 19:13:04.616106,36.54124483333333,128.7931955
2024-07-24 19:13:04.715591,36.54124466666666,128.79319616666666
2024-07-24 19:13:04.829681,36.54124466666666,128.793197
2024-07-24 19:13:04.915407,36.54124483333333,128.79319783333332
2024-07-24 19:13:05.016751,36.54124466666666,128.79319883333332
2024-07-24 19:13:05.118195,36.54124483333333,128.7932
2024-07-24 19:13:05.216516,36.54124466666666,128.79320116666668
2024-07-24 19:13:05.313851,36.54124466666666,128.79320216666667
2024-07-24 19:13:05.423448,36.54124466666666,128.79320316666667
2024-07-24 19:13:05.523340,36.54124483333333,128.793204
2024-07-24 19:13:05.617174,36.54124483333333,128.79320483333333
2024-07-24 19:13:05.709427,36.54124483333333,128.7932056666667
2024-07-24 19:13:05.829361,36.54124516666667,128.79320683333333
2024-07-24 19:13:05.913221,36.541245333333336,128.793208
2024-07-24 19:13:06.014864,36.541245333333336,128.79320916666666
2024-07-24 19:13:06.114861,36.5412455,128.79320983333332
2024-07-24 19:13:06.214941,36.54124566666667,128.79321066666665
2024-07-24 19:13:06.314786,36.54124566666667,128.7932115
2024-07-24 19:13:06.425263,36.541245833333335,128.7932125
2024-07-24 19:13:06.524753,36.541246,128.7932135
2024-07-24 19:13:06.609468,36.541246,128.79321483333334
2024-07-24 19:13:06.714212,36.54124616666667,128.79321566666667
2024-07-24 19:13:06.830321,36.54124616666667,128.79321633333333
2024-07-24 19:13:06.918132,36.54124633333333,128.79321716666666
2024-07-24 19:13:07.022994,36.5412465,128.793218
2024-07-24 19:13:07.118596,36.541246666666666,128.793219
2024-07-24 19:13:07.223336,36.54124683333333,128.79322
2024-07-24 19:13:07.322772,36.541247166666665,128.79322116666663
2024-07-24 19:13:07.434390,36.54124733333333,128.79322216666668
2024-07-24 19:13:07.513604,36.5412475,128.793223
2024-07-24 19:13:07.621819,36.54124766666666,128.79322383333334
2024-07-24 19:13:07.717849,36.54124783333334,128.79322466666667
2024-07-24 19:13:07.836409,36.54124816666667,128.7932255
2024-07-24 19:13:07.968194,36.5412485,128.793227
2024-07-24 19:13:08.069202,36.54124866666667,128.79322833333333
2024-07-24 19:13:08.169004,36.54124883333333,128.79322916666666
2024-07-24 19:13:08.267188,36.54124916666667,128.79322983333333
2024-07-24 19:13:08.376490,36.54124916666667,128.79323083333333
2024-07-24 19:13:08.470070,36.54124933333333,128.79323166666666
2024-07-24 19:13:08.568711,36.54124983333333,128.79323266666665
2024-07-24 19:13:08.673040,36.54125,128.79323383333335
2024-07-24 19:13:08.790164,36.54125033333333,128.79323483333334
2024-07-24 19:13:08.924065,36.541250833333336,128.79323583333334
2024-07-24 19:13:09.023925,36.54125116666667,128.7932365
2024-07-24 19:13:09.124235,36.5412515,128.7932375
2024-07-24 19:13:09.222435,36.54125166666667,128.7932383333333
2024-07-24 19:13:09.317641,36.541252,128.7932395
2024-07-24 19:13:09.428978,36.5412525,128.79324066666666
2024-07-24 19:13:09.520385,36.541252666666665,128.7932415
2024-07-24 19:13:09.617874,36.541253,128.79324216666666
2024-07-24 19:13:09.734625,36.54125333333333,128.793243
2024-07-24 19:13:09.816590,36.5412535,128.79324383333332
2024-07-24 19:13:09.917628,36.541254,128.79324466666668
2024-07-24 19:13:10.017507,36.5412545,128.79324566666668
2024-07-24 19:13:10.115696,36.541255,128.79324666666668
2024-07-24 19:13:10.213013,36.54125533333333,128.7932475
2024-07-24 19:13:10.318384,36.541255666666665,128.79324816666667
2024-07-24 19:13:10.430711,36.541256,128.79324883333334
2024-07-24 19:13:10.517848,36.54125633333334,128.79324966666667
2024-07-24 19:13:10.623565,36.541256833333335,128.7932506666667
2024-07-24 19:13:10.729938,36.54125716666667,128.79325166666666
2024-07-24 19:13:10.816168,36.54125766666667,128.79325283333333
2024-07-24 19:13:10.918931,36.541258,128.79325383333332
2024-07-24 19:13:11.015942,36.541258166666665,128.7932545
2024-07-24 19:13:11.111837,36.5412585,128.793255
2024-07-24 19:13:11.216715,36.54125883333333,128.79325583333335
2024-07-24 19:13:11.321106,36.5412595,128.79325666666668
2024-07-24 19:13:11.432984,36.54126,128.7932575
2024-07-24 19:13:11.522737,36.541260666666666,128.7932585
2024-07-24 19:13:11.628263,36.541261166666665,128.79325933333334
2024-07-24 19:13:11.736046,36.5412615,128.79326016666667
2024-07-24 19:13:11.870265,36.541262,128.79326116666667
2024-07-24 19:13:11.971289,36.5412625,128.793262
2024-07-24 19:13:12.062988,36.541263,128.79326283333333
2024-07-24 19:13:12.169712,36.5412635,128.79326383333333
2024-07-24 19:13:12.272966,36.54126416666666,128.79326483333332
2024-07-24 19:13:12.378296,36.54126466666666,128.79326533333332
2024-07-24 19:13:12.479889,36.541265,128.79326583333332
2024-07-24 19:13:12.575099,36.541265333333335,128.7932665
2024-07-24 19:13:12.714274,36.54126583333333,128.79326716666668
2024-07-24 19:13:12.819332,36.541266666666665,128.79326833333334
2024-07-24 19:13:12.916467,36.54126733333333,128.79326933333334
2024-07-24 19:13:13.020173,36.541268,128.79327
2024-07-24 19:13:13.119422,36.5412685,128.7932705
2024-07-24 19:13:13.217293,36.54126883333333,128.79327116666667
2024-07-24 19:13:13.322868,36.54126933333333,128.79327183333334
2024-07-24 19:13:13.429676,36.54126983333333,128.7932725
2024-07-24 19:13:13.521343,36.5412705,128.79327333333333
2024-07-24 19:13:13.651554,36.54127116666667,128.79327433333333
2024-07-24 19:13:13.772727,36.54127183333333,128.79327533333333
2024-07-24 19:13:13.863995,36.54127233333333,128.79327583333333
2024-07-24 19:13:13.972835,36.54127283333333,128.7932765
2024-07-24 19:13:14.074211,36.541273333333336,128.79327716666666
2024-07-24 19:13:14.173145,36.541274,128.79327783333332
2024-07-24 19:13:14.274477,36.54127483333333,128.79327866666668
2024-07-24 19:13:14.382140,36.5412755,128.7932795
2024-07-24 19:13:14.482041,36.541276,128.79328
2024-07-24 19:13:14.570145,36.5412765,128.7932805
2024-07-24 19:13:14.668463,36.541277,128.79328083333334
2024-07-24 19:13:14.761230,36.5412775,128.7932815
2024-07-24 19:13:14.866547,36.541278166666665,128.793282
2024-07-24 19:13:14.970056,36.54127883333334,128.79328283333334
2024-07-24 19:13:15.069548,36.5412795,128.79328366666667
2024-07-24 19:13:15.169296,36.54128016666667,128.79328416666667
2024-07-24 19:13:15.270494,36.541280666666665,128.79328466666666
2024-07-24 19:13:15.379111,36.54128116666666,128.793285
2024-07-24 19:13:15.473450,36.541281833333336,128.7932855
2024-07-24 19:13:15.575096,36.5412825,128.793286
2024-07-24 19:13:15.666344,36.541283166666666,128.7932865
2024-07-24 19:13:15.772719,36.54128416666666,128.79328716666666
2024-07-24 19:13:15.876712,36.541284833333336,128.79328766666666
2024-07-24 19:13:15.976132,36.541285333333335,128.793288
2024-07-24 19:13:16.078826,36.541286,128.7932885
2024-07-24 19:13:16.174774,36.54128666666666,128.79328883333332
2024-07-24 19:13:16.274027,36.54128733333334,128.79328916666665
2024-07-24 19:13:16.379317,36.54128816666667,128.79328983333335
2024-07-24 19:13:16.474443,36.541289,128.7932905
2024-07-24 19:13:16.576757,36.54128966666666,128.793291
2024-07-24 19:13:16.671248,36.541290333333336,128.79329116666668
2024-07-24 19:13:16.776017,36.541291,128.79329166666668
2024-07-24 19:13:16.872494,36.5412915,128.793292
2024-07-24 19:13:16.971511,36.54129233333333,128.79329233333334
2024-07-24 19:13:17.072702,36.54129316666667,128.79329283333334
2024-07-24 19:13:17.173277,36.54129416666667,128.79329316666667
2024-07-24 19:13:17.274480,36.54129516666666,128.79329366666667
2024-07-24 19:13:17.384355,36.54129566666667,128.793294
2024-07-24 19:13:17.521081,36.5412965,128.79329433333334
2024-07-24 19:13:17.621001,36.541297166666666,128.79329466666667
2024-07-24 19:13:17.724895,36.54129783333333,128.79329516666667
2024-07-24 19:13:17.826811,36.54129866666667,128.7932956666667
2024-07-24 19:13:17.924293,36.54129966666667,128.79329616666666
2024-07-24 19:13:18.027873,36.54130033333333,128.79329666666666
2024-07-24 19:13:18.132664,36.541301,128.793297
2024-07-24 19:13:18.227290,36.54130166666667,128.79329733333333
2024-07-24 19:13:18.322108,36.54130216666667,128.79329766666666
2024-07-24 19:13:18.456939,36.541303,128.79329783333333
2024-07-24 19:13:18.580858,36.54130416666667,128.79329833333333
2024-07-24 19:13:18.677498,36.54130516666667,128.79329866666666
2024-07-24 19:13:18.776437,36.541305666666666,128.793299
2024-07-24 19:13:18.875035,36.54130633333333,128.79329916666666
2024-07-24 19:13:18.975703,36.541307,128.79329933333332
2024-07-24 19:13:19.076362,36.54130766666667,128.79329966666666
2024-07-24 19:13:19.174399,36.5413085,128.7933
2024-07-24 19:13:19.270430,36.5413095,128.79330033333332
2024-07-24 19:13:19.377995,36.5413105,128.79330066666665
2024-07-24 19:13:19.472182,36.54131116666667,128.793301
2024-07-24 19:13:19.577157,36.54131183333333,128.79330116666668
2024-07-24 19:13:19.669798,36.5413125,128.79330133333335
2024-07-24 19:13:19.771540,36.54131316666667,128.7933015
2024-07-24 19:13:19.870585,36.541314,128.79330166666668
2024-07-24 19:13:19.969191,36.541315,128.79330166666668
2024-07-24 19:13:20.072635,36.541316,128.79330183333337
2024-07-24 19:13:20.164317,36.54131666666667,128.793302
2024-07-24 19:13:20.268524,36.54131733333333,128.79330216666668
2024-07-24 19:13:20.376685,36.54131783333333,128.79330216666668
2024-07-24 19:13:20.473959,36.54131866666667,128.79330233333334
2024-07-24 19:13:20.577759,36.5413195,128.7933025
2024-07-24 19:13:20.670148,36.54132033333333,128.79330266666668
2024-07-24 19:13:20.767688,36.541321333333336,128.79330283333334
2024-07-24 19:13:20.868867,36.54132216666667,128.79330283333334
2024-07-24 19:13:20.967182,36.54132283333333,128.793303
2024-07-24 19:13:21.062537,36.54132333333333,128.793303
2024-07-24 19:13:21.166499,36.54132416666667,128.793303
2024-07-24 19:13:21.269554,36.54132483333333,128.793303
2024-07-24 19:13:21.375456,36.541325666666665,128.793303
2024-07-24 19:13:21.480422,36.54132666666667,128.793303
2024-07-24 19:13:21.570795,36.5413275,128.79330283333334
2024-07-24 19:13:21.666408,36.541328166666666,128.79330283333334
2024-07-24 19:13:21.770477,36.54132883333333,128.79330283333334
2024-07-24 19:13:21.874397,36.5413295,128.79330266666668
2024-07-24 19:13:21.963369,36.541330333333335,128.79330283333334
2024-07-24 19:13:22.072840,36.541331166666666,128.79330283333334
2024-07-24 19:13:22.179592,36.54133216666666,128.79330283333334
2024-07-24 19:13:22.273013,36.54133316666667,128.79330283333334
2024-07-24 19:13:22.379304,36.541334,128.79330283333334
2024-07-24 19:13:22.474627,36.54133466666666,128.79330266666668
2024-07-24 19:13:22.586358,36.541335333333336,128.79330266666668
2024-07-24 19:13:22.724459,36.5413365,128.7933025
2024-07-24 19:13:22.821123,36.54133733333333,128.79330233333334
2024-07-24 19:13:22.923696,36.541338333333336,128.79330216666668
2024-07-24 19:13:23.022214,36.54133933333333,128.793302
2024-07-24 19:13:23.121903,36.54134,128.793302
2024-07-24 19:13:23.224168,36.5413405,128.79330183333337
2024-07-24 19:13:23.324282,36.54134116666667,128.79330166666668
2024-07-24 19:13:23.432821,36.541342,128.79330166666668
2024-07-24 19:13:23.526388,36.54134283333333,128.79330166666668
2024-07-24 19:13:23.631903,36.541343833333336,128.79330166666668
2024-07-24 19:13:23.718683,36.54134483333333,128.7933015
2024-07-24 19:13:23.826723,36.541345666666665,128.7933015
2024-07-24 19:13:23.926539,36.54134633333334,128.79330133333335
2024-07-24 19:13:24.027938,36.541347,128.79330133333335
2024-07-24 19:13:24.124019,36.54134766666667,128.79330116666668
2024-07-24 19:13:24.219205,36.541348166666666,128.79330083333332
2024-07-24 19:13:24.325329,36.54134916666667,128.79330066666665
2024-07-24 19:13:24.439351,36.54135,128.79330033333332
2024-07-24 19:13:24.574778,36.541351166666665,128.79329983333332
2024-07-24 19:13:24.664428,36.54135166666666,128.79329966666666
2024-07-24 19:13:24.771611,36.54135216666667,128.7932995
2024-07-24 19:13:24.872657,36.541352833333335,128.79329933333332
2024-07-24 19:13:24.973326,36.541353666666666,128.793299
2024-07-24 19:13:25.071910,36.5413545,128.79329883333332
2024-07-24 19:13:25.170973,36.5413555,128.7932985
2024-07-24 19:13:25.270477,36.54135616666667,128.79329833333333
2024-07-24 19:13:25.377640,36.54135683333333,128.793298
2024-07-24 19:13:25.474851,36.5413575,128.79329783333333
2024-07-24 19:13:25.567688,36.54135816666667,128.79329766666666
2024-07-24 19:13:25.670650,36.54135883333333,128.79329733333333
2024-07-24 19:13:25.771747,36.5413595,128.79329683333333
2024-07-24 19:13:25.872377,36.5413605,128.7932965
2024-07-24 19:13:25.971414,36.54136133333333,128.793296
2024-07-24 19:13:26.072942,36.541362,128.7932956666667
2024-07-24 19:13:26.172983,36.54136233333333,128.7932955
2024-07-24 19:13:26.272639,36.541363,128.79329516666667
2024-07-24 19:13:26.375061,36.54136366666667,128.7932948333333
2024-07-24 19:13:26.469583,36.54136433333333,128.7932945
2024-07-24 19:13:26.574608,36.54136533333333,128.79329416666667
2024-07-24 19:13:26.670924,36.54136616666667,128.7932935
2024-07-24 19:13:26.769197,36.541366833333335,128.79329316666667
2024-07-24 19:13:26.867189,36.54136733333333,128.79329283333334
2024-07-24 19:13:26.968838,36.54136783333333,128.7932925
2024-07-24 19:13:27.068532,36.5413685,128.79329216666667
2024-07-24 19:13:27.168265,36.54136916666667,128.79329166666668
2024-07-24 19:13:27.272278,36.54136983333333,128.793291
2024-07-24 19:13:27.367369,36.541370666666666,128.7932905
2024-07-24 19:13:27.474816,36.54137116666666,128.79328983333335
2024-07-24 19:13:27.580922,36.541371833333336,128.7932895
2024-07-24 19:13:27.675850,36.541372333333335,128.79328916666665
2024-07-24 19:13:27.775717,36.541373,128.79328866666663
2024-07-24 19:13:27.875057,36.541373666666665,128.79328816666666
2024-07-24 19:13:27.973382,36.5413745,128.79328783333332
2024-07-24 19:13:28.071501,36.5413755,128.79328733333332
2024-07-24 19:13:28.171323,36.541376166666666,128.79328683333333
2024-07-24 19:13:28.264415,36.541376666666665,128.7932865
2024-07-24 19:13:28.375714,36.54137716666666,128.79328616666666
2024-07-24 19:13:28.480041,36.541377833333335,128.79328583333333
2024-07-24 19:13:28.572996,36.5413785,128.79328533333333
2024-07-24 19:13:28.673687,36.541379166666665,128.79328466666666
2024-07-24 19:13:28.776632,36.54138,128.79328383333333
2024-07-24 19:13:28.877561,36.5413805,128.79328316666667
2024-07-24 19:13:28.974688,36.541381,128.79328283333334
2024-07-24 19:13:29.078702,36.541381666666666,128.79328216666667
2024-07-24 19:13:29.165145,36.541382166666665,128.79328166666667
2024-07-24 19:13:29.274800,36.54138266666666,128.793281
2024-07-24 19:13:29.385521,36.5413835,128.79328033333334
2024-07-24 19:13:29.527671,36.5413845,128.79327933333334
2024-07-24 19:13:29.620974,36.54138516666666,128.79327866666668
2024-07-24 19:13:29.724272,36.54138566666666,128.79327833333332
2024-07-24 19:13:29.823417,36.54138616666667,128.79327783333332
2024-07-24 19:13:29.920649,36.54138666666667,128.79327716666666
2024-07-24 19:13:30.016200,36.54138733333333,128.79327666666666
2024-07-24 19:13:30.118997,36.541388,128.79327583333333
2024-07-24 19:13:30.217768,36.54138866666667,128.793275
2024-07-24 19:13:30.321307,36.541389333333335,128.79327433333333
2024-07-24 19:13:30.434306,36.54138966666667,128.79327383333333
2024-07-24 19:13:30.571401,36.5413905,128.793273
2024-07-24 19:13:30.668836,36.541391,128.7932723333333
2024-07-24 19:13:30.772613,36.5413915,128.79327183333334
2024-07-24 19:13:30.870079,36.54139233333333,128.793271
2024-07-24 19:13:30.961412,36.541393,128.79327016666667
2024-07-24 19:13:31.068636,36.54139366666666,128.7932695
2024-07-24 19:13:31.170286,36.54139416666666,128.793269
2024-07-24 19:13:31.269038,36.54139466666667,128.7932685
2024-07-24 19:13:31.373739,36.54139516666667,128.79326783333337
2024-07-24 19:13:31.476626,36.541395666666666,128.793267
2024-07-24 19:13:31.564977,36.54139633333333,128.793266
2024-07-24 19:13:31.672618,36.54139716666667,128.793265
2024-07-24 19:13:31.774191,36.5413975,128.79326416666666
2024-07-24 19:13:31.864062,36.541398,128.79326366666666
2024-07-24 19:13:31.975783,36.5413985,128.793263
2024-07-24 19:13:32.073222,36.541399,128.79326233333333
2024-07-24 19:13:32.173132,36.5413995,128.79326166666667
2024-07-24 19:13:32.271161,36.54140016666667,128.7932608333333
2024-07-24 19:13:32.377126,36.54140083333333,128.79326
2024-07-24 19:13:32.479455,36.5414015,128.793259
2024-07-24 19:13:32.586668,36.541402,128.79325833333334
2024-07-24 19:13:32.721248,36.54140266666667,128.79325733333334
2024-07-24 19:13:32.825199,36.54140316666667,128.79325666666668
2024-07-24 19:13:32.925784,36.54140366666667,128.79325583333335
2024-07-24 19:13:33.026085,36.541404,128.79325483333332
2024-07-24 19:13:33.123279,36.5414045,128.79325383333332
2024-07-24 19:13:33.226129,36.541405,128.793253
2024-07-24 19:13:33.324345,36.54140533333333,128.79325233333333
2024-07-24 19:13:33.438119,36.5414055,128.79325166666666
2024-07-24 19:13:33.580392,36.541406,128.7932506666667
2024-07-24 19:13:33.669952,36.5414065,128.79324983333333
2024-07-24 19:13:33.778294,36.541407166666666,128.79324883333334
2024-07-24 19:13:33.881621,36.541407666666665,128.79324783333334
2024-07-24 19:13:33.976720,36.541408,128.793247
2024-07-24 19:13:34.076802,36.54140833333334,128.7932465
2024-07-24 19:13:34.180336,36.54140866666667,128.79324566666668
2024-07-24 19:13:34.275283,36.541409,128.793245
2024-07-24 19:13:34.384054,36.54140933333333,128.79324416666665
2024-07-24 19:13:34.525449,36.54141,128.7932425
2024-07-24 19:13:34.627546,36.54141033333333,128.7932415
2024-07-24 19:13:34.728875,36.54141066666666,128.79324083333333
2024-07-24 19:13:34.828376,36.54141083333333,128.79324033333333
2024-07-24 19:13:34.931505,36.541411,128.7932395
2024-07-24 19:13:35.027757,36.541411333333336,128.79323883333333
2024-07-24 19:13:35.129244,36.54141166666667,128.793238
2024-07-24 19:13:35.228226,36.54141216666667,128.793237
2024-07-24 19:13:35.328711,36.541412666666666,128.793236
2024-07-24 19:13:35.432401,36.541413,128.79323533333334
2024-07-24 19:13:35.577083,36.54141333333333,128.793234
2024-07-24 19:13:35.675391,36.5414135,128.79323333333335
2024-07-24 19:13:35.776351,36.54141383333334,128.7932325
2024-07-24 19:13:35.875039,36.54141416666667,128.7932315
2024-07-24 19:13:35.977227,36.541414333333336,128.79323033333333
2024-07-24 19:13:36.072066,36.5414145,128.79322916666666
2024-07-24 19:13:36.173956,36.54141466666667,128.7932285
2024-07-24 19:13:36.274478,36.54141483333333,128.79322783333333
2024-07-24 19:13:36.374372,36.541415,128.79322716666667
2024-07-24 19:13:36.488528,36.54141516666667,128.79322633333334
2024-07-24 19:13:36.624800,36.5414155,128.793225
2024-07-24 19:13:36.725890,36.54141583333333,128.79322383333334
2024-07-24 19:13:36.823451,36.541416,128.79322283333337
2024-07-24 19:13:36.924575,36.54141616666666,128.79322216666668
2024-07-24 19:13:37.026064,36.54141633333333,128.7932215
2024-07-24 19:13:37.125636,36.5414165,128.79322083333332
2024-07-24 19:13:37.219489,36.54141666666666,128.79322
2024-07-24 19:13:37.323282,36.54141683333334,128.79321916666666
2024-07-24 19:13:37.433396,36.541417,128.79321816666666
2024-07-24 19:13:37.522853,36.54141716666667,128.793217
2024-07-24 19:13:37.632075,36.54141716666667,128.793216
2024-07-24 19:13:37.722973,36.541417333333335,128.79321533333334
2024-07-24 19:13:37.836064,36.5414175,128.79321466666667
2024-07-24 19:13:37.979544,36.54141766666667,128.7932135
2024-07-24 19:13:38.083394,36.54141783333333,128.7932125
2024-07-24 19:13:38.228944,36.541418166666666,128.793211
2024-07-24 19:13:38.328871,36.54141833333333,128.79321
2024-07-24 19:13:38.456951,36.5414185,128.7932095
2024-07-24 19:13:38.580519,36.5414185,128.79320866666666
2024-07-24 19:13:38.677685,36.541418666666665,128.793208
2024-07-24 19:13:38.772848,36.541418666666665,128.793207
2024-07-24 19:13:38.873890,36.54141883333333,128.79320616666666
2024-07-24 19:13:38.971306,36.541418666666665,128.793205
2024-07-24 19:13:39.065445,36.541418666666665,128.79320383333334
2024-07-24 19:13:39.168464,36.541418666666665,128.793203
2024-07-24 19:13:39.273148,36.54141883333333,128.7932025
2024-07-24 19:13:39.376024,36.541418666666665,128.79320166666668
2024-07-24 19:13:39.477126,36.541418666666665,128.79320083333334
2024-07-24 19:13:39.584054,36.54141883333333,128.79319983333335
2024-07-24 19:13:39.675794,36.54141883333333,128.79319883333332
2024-07-24 19:13:39.776146,36.54141883333333,128.7931975
2024-07-24 19:13:39.878478,36.541419,128.79319666666666
2024-07-24 19:13:39.967065,36.541419,128.79319583333333
2024-07-24 19:13:40.073289,36.54141883333333,128.79319516666666
2024-07-24 19:13:40.175463,36.54141883333333,128.79319433333333
2024-07-24 19:13:40.273252,36.54141883333333,128.7931933333333
2024-07-24 19:13:40.378098,36.54141883333333,128.79319233333334
2024-07-24 19:13:40.481342,36.541418666666665,128.793191
2024-07-24 19:13:40.570486,36.5414185,128.79319
2024-07-24 19:13:40.680425,36.5414185,128.79318916666668
2024-07-24 19:13:40.775475,36.5414185,128.7931885
2024-07-24 19:13:40.864072,36.54141833333333,128.79318766666665
2024-07-24 19:13:40.974015,36.54141833333333,128.79318666666666
2024-07-24 19:13:41.075583,36.54141833333333,128.7931855
2024-07-24 19:13:41.173139,36.54141833333333,128.79318433333333
2024-07-24 19:13:41.275979,36.541418166666666,128.7931831666667
2024-07-24 19:13:41.379464,36.541418166666666,128.7931825
2024-07-24 19:13:41.480488,36.541418,128.79318183333334
2024-07-24 19:13:41.577295,36.541418,128.793181
2024-07-24 19:13:41.689416,36.54141783333333,128.79318
2024-07-24 19:13:41.827258,36.5414175,128.7931785
2024-07-24 19:13:41.924122,36.54141716666667,128.79317716666668
2024-07-24 19:13:42.027433,36.541417,128.79317616666663
2024-07-24 19:13:42.126160,36.54141683333334,128.7931755
2024-07-24 19:13:42.226177,36.54141666666666,128.79317466666666
2024-07-24 19:13:42.322938,36.5414165,128.79317383333333
2024-07-24 19:13:42.435147,36.54141616666666,128.793173
2024-07-24 19:13:42.580103,36.541416,128.79317133333333
2024-07-24 19:13:42.671891,36.54141583333333,128.79317016666667
2024-07-24 19:13:42.778336,36.541415666666666,128.7931695
2024-07-24 19:13:42.879434,36.5414155,128.79316866666667
2024-07-24 19:13:42.979089,36.54141533333333,128.793168
2024-07-24 19:13:43.077943,36.541415,128.79316716666668
2024-07-24 19:13:43.180553,36.54141466666667,128.79316633333335
2024-07-24 19:13:43.277008,36.541414333333336,128.79316533333332
2024-07-24 19:13:43.383212,36.541414,128.79316416666666
2024-07-24 19:13:43.523188,36.54141366666666,128.793163
2024-07-24 19:13:43.626605,36.5414135,128.79316233333333
2024-07-24 19:13:43.727367,36.541413166666665,128.7931615
2024-07-24 19:13:43.826327,36.54141283333333,128.7931606666667
2024-07-24 19:13:43.930055,36.5414125,128.79315983333333
2024-07-24 19:13:44.028741,36.54141216666667,128.79315866666667
2024-07-24 19:13:44.127571,36.541411833333335,128.7931575
2024-07-24 19:13:44.230302,36.5414115,128.79315683333334
2024-07-24 19:13:44.332026,36.54141116666667,128.79315616666668
2024-07-24 19:13:44.445101,36.541411,128.7931555
2024-07-24 19:13:44.581044,36.5414105,128.79315433333332
2024-07-24 19:13:44.685925,36.541410166666665,128.7931535
2024-07-24 19:13:44.829024,36.54140933333333,128.79315183333333
2024-07-24 19:13:44.929729,36.541408833333335,128.79315116666666
2024-07-24 19:13:45.029804,36.5414085,128.79315066666666
2024-07-24 19:13:45.128959,36.54140816666666,128.79315
2024-07-24 19:13:45.229134,36.54140783333333,128.79314933333333
2024-07-24 19:13:45.325845,36.5414075,128.7931485
2024-07-24 19:13:45.450235,36.541407166666666,128.79314783333334
2024-07-24 19:13:45.583732,36.541406333333335,128.79314633333334
2024-07-24 19:13:45.678666,36.541406,128.7931455
2024-07-24 19:13:45.780859,36.5414055,128.793145
2024-07-24 19:13:45.880953,36.54140516666666,128.79314433333334
2024-07-24 19:13:45.977799,36.54140483333333,128.79314366666668
2024-07-24 19:13:46.075684,36.54140433333333,128.79314283333332
2024-07-24 19:13:46.177817,36.54140383333333,128.79314216666666
2024-07-24 19:13:46.268959,36.54140316666667,128.79314133333332
2024-07-24 19:13:46.386207,36.5414025,128.7931405
2024-07-24 19:13:46.528147,36.54140183333333,128.7931395
2024-07-24 19:13:46.627393,36.5414015,128.793139
2024-07-24 19:13:46.724960,36.541401,128.79313833333333
2024-07-24 19:13:46.832791,36.5414005,128.79313766666667
2024-07-24 19:13:46.961381,36.54140016666667,128.793137
2024-07-24 19:13:47.077082,36.54139933333333,128.79313566666667
2024-07-24 19:13:47.164006,36.54139883333333,128.79313483333334
2024-07-24 19:13:47.274141,36.5413985,128.79313416666668
2024-07-24 19:13:47.382537,36.541398,128.79313366666668
2024-07-24 19:13:47.474935,36.54139766666667,128.793133
2024-07-24 19:13:47.584341,36.54139716666667,128.7931325
2024-07-24 19:13:47.675321,36.54139666666666,128.79313183333332
2024-07-24 19:13:47.772649,36.541396,128.79313116666663
2024-07-24 19:13:47.903926,36.54139533333333,128.79313033333332
2024-07-24 19:13:48.025069,36.54139466666667,128.7931295
2024-07-24 19:13:48.123291,36.54139416666666,128.79312916666666
2024-07-24 19:13:48.223974,36.54139366666666,128.79312866666666
2024-07-24 19:13:48.323246,36.541393166666666,128.79312816666666
2024-07-24 19:13:48.451942,36.54139266666667,128.7931275
2024-07-24 19:13:48.574464,36.54139166666667,128.79312633333333
2024-07-24 19:13:48.681278,36.541391,128.7931255
2024-07-24 19:13:48.779182,36.5413905,128.793125
2024-07-24 19:13:48.909830,36.541390166666666,128.79312466666667
2024-07-24 19:13:49.030389,36.541389333333335,128.79312383333334
2024-07-24 19:13:49.131904,36.541388833333336,128.79312333333334
2024-07-24 19:13:49.232981,36.54138816666666,128.79312283333334
2024-07-24 19:13:49.404312,36.541387,128.79312183333334
2024-07-24 19:13:49.536916,36.54138616666667,128.793121
2024-07-24 19:13:49.684956,36.54138533333333,128.7931205
2024-07-24 19:13:49.856004,36.5413845,128.79311966666666
2024-07-24 19:13:49.983237,36.5413835,128.79311883333332
2024-07-24 19:13:50.126145,36.54138233333333,128.79311766666666
2024-07-24 19:13:50.228757,36.54138183333333,128.79311733333333
2024-07-24 19:13:50.327931,36.54138116666667,128.79311683333333
2024-07-24 19:13:50.454037,36.54138066666667,128.7931165
2024-07-24 19:13:50.577079,36.54137983333333,128.793116
2024-07-24 19:13:50.677500,36.541379,128.7931155
2024-07-24 19:13:50.770977,36.541378,128.79311483333333
2024-07-24 19:13:50.879549,36.54137733333334,128.79311433333334
2024-07-24 19:13:50.980183,36.541376666666665,128.793114
2024-07-24 19:13:51.075124,36.541376,128.79311366666667
2024-07-24 19:13:51.177076,36.5413755,128.7931135
2024-07-24 19:13:51.277922,36.541374833333336,128.793113
2024-07-24 19:13:51.382090,36.54137416666666,128.7931125
2024-07-24 19:13:51.478557,36.54137333333333,128.793112
2024-07-24 19:13:51.576692,36.5413725,128.79311133333334
2024-07-24 19:13:51.678584,36.541371833333336,128.79311083333334
2024-07-24 19:13:51.781747,36.54137133333333,128.7931105
2024-07-24 19:13:51.883256,36.541370666666666,128.79311016666668
2024-07-24 19:13:51.983817,36.54137016666667,128.79310983333335
2024-07-24 19:13:52.130045,36.54136916666667,128.79310916666665
2024-07-24 19:13:52.231062,36.54136833333333,128.79310866666663
2024-07-24 19:13:52.331611,36.54136733333333,128.79310816666666
2024-07-24 19:13:52.455753,36.54136666666667,128.793108
2024-07-24 19:13:52.568200,36.54136583333333,128.79310766666666
2024-07-24 19:13:52.678826,36.54136533333333,128.7931075
2024-07-24 19:13:52.780044,36.54136466666667,128.79310716666666
2024-07-24 19:13:52.875458,36.541364,128.79310683333333
2024-07-24 19:13:52.977661,36.54136333333334,128.7931065
2024-07-24 19:13:53.082096,36.5413625,128.79310616666666
2024-07-24 19:13:53.180569,36.54136166666667,128.79310583333333
2024-07-24 19:13:53.280081,36.54136116666667,128.79310566666666
2024-07-24 19:13:53.385047,36.54136066666667,128.7931055
2024-07-24 19:13:53.523877,36.54135983333333,128.79310533333333
2024-07-24 19:13:53.622643,36.541359166666666,128.79310516666666
2024-07-24 19:13:53.723205,36.541358333333335,128.793105
2024-07-24 19:13:53.832591,36.5413575,128.79310466666666
2024-07-24 19:13:53.934966,36.541356666666665,128.79310466666666
2024-07-24 19:13:54.085012,36.54135566666667,128.79310433333333
2024-07-24 19:13:54.231751,36.54135483333334,128.793104
2024-07-24 19:13:54.326851,36.541354166666665,128.79310383333333
2024-07-24 19:13:54.456189,36.5413535,128.7931035
2024-07-24 19:13:54.608860,36.54135216666667,128.793103
2024-07-24 19:13:54.737118,36.541351166666665,128.7931025
2024-07-24 19:13:54.881155,36.54135033333333,128.79310233333334
2024-07-24 19:13:54.977555,36.54134966666667,128.79310216666667
2024-07-24 19:13:55.080908,36.541349,128.793102
2024-07-24 19:13:55.180511,36.54134833333333,128.79310183333334
2024-07-24 19:13:55.273692,36.5413475,128.79310166666667
2024-07-24 19:13:55.390974,36.54134666666667,128.7931015
2024-07-24 19:13:55.558711,36.54134583333333,128.7931015
2024-07-24 19:13:55.674273,36.541345,128.7931015
2024-07-24 19:13:55.776179,36.5413445,128.7931015
2024-07-24 19:13:55.874738,36.541343833333336,128.79310133333334
2024-07-24 19:13:55.975005,36.541343,128.79310116666667
2024-07-24 19:13:56.075448,36.54134216666667,128.79310116666667
2024-07-24 19:13:56.166775,36.541341333333335,128.793101
2024-07-24 19:13:56.275800,36.54134066666667,128.79310083333334
2024-07-24 19:13:56.384077,36.54134,128.79310083333334
2024-07-24 19:13:56.557500,36.541339,128.79310083333334
2024-07-24 19:13:56.675168,36.541338,128.79310083333334
2024-07-24 19:13:56.777029,36.541337,128.79310083333334
2024-07-24 19:13:56.877713,36.54133616666667,128.79310066666667
2024-07-24 19:13:56.978158,36.54133566666667,128.79310066666667
2024-07-24 19:13:57.069456,36.54133516666667,128.79310083333334
2024-07-24 19:13:57.177243,36.5413345,128.793101
2024-07-24 19:13:57.277126,36.541334,128.793101
2024-07-24 19:13:57.383859,36.54133333333333,128.793101
2024-07-24 19:13:57.557017,36.54133216666666,128.79310083333334
2024-07-24 19:13:57.672522,36.54133083333333,128.793101
2024-07-24 19:13:57.774042,36.54133,128.793101
2024-07-24 19:13:57.877591,36.54132966666667,128.79310133333334
2024-07-24 19:13:57.967452,36.541329,128.7931015
2024-07-24 19:13:58.074584,36.5413285,128.7931015
2024-07-24 19:13:58.175720,36.54132783333333,128.79310183333334
2024-07-24 19:13:58.277005,36.541327,128.793102
2024-07-24 19:13:58.379536,36.541326,128.79310216666667
2024-07-24 19:13:58.511991,36.5413255,128.79310233333334
2024-07-24 19:13:58.629996,36.54132466666667,128.7931025
2024-07-24 19:13:58.725484,36.54132416666667,128.79310266666667
2024-07-24 19:13:58.820895,36.54132366666666,128.79310283333334
2024-07-24 19:13:58.935031,36.541323166666665,128.793103
2024-07-24 19:13:59.083871,36.54132216666667,128.79310316666667
2024-07-24 19:13:59.233447,36.54132083333333,128.7931033333333
2024-07-24 19:13:59.330703,36.54132,128.7931035
2024-07-24 19:13:59.468600,36.54131933333333,128.79310366666667
2024-07-24 19:13:59.583930,36.5413185,128.79310383333333
2024-07-24 19:13:59.722557,36.54131766666666,128.793104
2024-07-24 19:13:59.827087,36.541317,128.79310433333333
2024-07-24 19:13:59.928517,36.54131616666667,128.79310466666666
2024-07-24 19:14:00.026917,36.54131533333333,128.79310516666666
2024-07-24 19:14:00.131231,36.541314666666665,128.7931055
2024-07-24 19:14:00.227857,36.541314166666666,128.79310566666666
2024-07-24 19:14:00.327421,36.54131366666667,128.793106
2024-07-24 19:14:00.475035,36.54131316666667,128.79310633333333
2024-07-24 19:14:00.577190,36.54131216666666,128.79310683333333
2024-07-24 19:14:00.674229,36.5413115,128.793107
2024-07-24 19:14:00.772203,36.5413105,128.79310733333332
2024-07-24 19:14:00.871082,36.54130966666666,128.79310766666666
2024-07-24 19:14:00.973532,36.541309166666665,128.793108
2024-07-24 19:14:01.073527,36.541308666666666,128.79310816666666
2024-07-24 19:14:01.175296,36.541308,128.79310833333332
2024-07-24 19:14:01.276736,36.5413075,128.79310866666663
2024-07-24 19:14:01.414875,36.54130683333333,128.79310916666665
2024-07-24 19:14:01.523652,36.5413055,128.79310983333335
2024-07-24 19:14:01.623452,36.541304833333335,128.79311033333337
2024-07-24 19:14:01.726812,36.541304333333336,128.7931105
2024-07-24 19:14:01.826661,36.54130366666666,128.793111
2024-07-24 19:14:01.928609,36.541303166666665,128.79311133333334
2024-07-24 19:14:02.025078,36.5413025,128.79311166666668
2024-07-24 19:14:02.122661,36.541301833333335,128.793112
2024-07-24 19:14:02.228707,36.541301,128.7931125
2024-07-24 19:14:02.373606,36.541300166666666,128.79311283333334
2024-07-24 19:14:02.482071,36.541299333333335,128.79311333333334
2024-07-24 19:14:02.575121,36.54129866666667,128.79311366666667
2024-07-24 19:14:02.687746,36.54129816666666,128.793114
2024-07-24 19:14:02.826589,36.54129733333333,128.79311466666667
2024-07-24 19:14:02.925916,36.54129666666667,128.79311533333333
2024-07-24 19:14:03.024424,36.541295833333336,128.79311583333333
2024-07-24 19:14:03.126394,36.54129533333333,128.79311633333333
2024-07-24 19:14:03.228613,36.54129483333333,128.79311666666666
2024-07-24 19:14:03.351223,36.5412945,128.79311716666666
2024-07-24 19:14:03.484415,36.54129383333333,128.79311783333333
2024-07-24 19:14:03.622553,36.541293,128.7931185
2024-07-24 19:14:03.723041,36.541292166666665,128.79311916666666
2024-07-24 19:14:03.823608,36.5412915,128.79311983333332
2024-07-24 19:14:03.927316,36.541291,128.79312016666665
2024-07-24 19:14:04.031205,36.5412905,128.7931205
2024-07-24 19:14:04.125817,36.54129016666667,128.793121
2024-07-24 19:14:04.225020,36.54128966666666,128.7931215
2024-07-24 19:14:04.356425,36.541289166666665,128.793122
2024-07-24 19:14:04.505462,36.54128816666667,128.793123
2024-07-24 19:14:04.632309,36.54128733333334,128.79312416666667
2024-07-24 19:14:04.777717,36.54128683333333,128.79312483333334
2024-07-24 19:14:04.877727,36.5412865,128.7931255
2024-07-24 19:14:04.976726,36.54128583333333,128.793126
2024-07-24 19:14:05.077373,36.541285333333335,128.7931265
2024-07-24 19:14:05.165055,36.54128466666667,128.79312716666666
2024-07-24 19:14:05.276612,36.541284,128.79312783333333
2024-07-24 19:14:05.384257,36.54128333333333,128.7931285
2024-07-24 19:14:05.527852,36.5412825,128.79312933333333
2024-07-24 19:14:05.627249,36.541282,128.79312983333332
2024-07-24 19:14:05.727582,36.5412815,128.7931305
2024-07-24 19:14:05.826424,36.541281,128.793131
2024-07-24 19:14:05.924099,36.54128033333333,128.79313183333332
2024-07-24 19:14:06.024179,36.54127966666667,128.79313283333337
2024-07-24 19:14:06.126494,36.541279333333335,128.79313366666668
2024-07-24 19:14:06.225500,36.54127866666666,128.79313416666668
2024-07-24 19:14:06.327437,36.54127833333333,128.7931345
2024-07-24 19:14:06.454079,36.541278,128.79313516666667
2024-07-24 19:14:06.576788,36.54127733333333,128.79313616666667
2024-07-24 19:14:06.677426,36.541276833333335,128.79313683333334
2024-07-24 19:14:06.774580,36.54127616666667,128.79313766666667
2024-07-24 19:14:06.873251,36.5412755,128.7931385
2024-07-24 19:14:06.968109,36.541275166666665,128.79313883333333
2024-07-24 19:14:07.076300,36.54127483333333,128.7931395
2024-07-24 19:14:07.175274,36.54127433333333,128.79314
2024-07-24 19:14:07.277521,36.541274,128.7931405
2024-07-24 19:14:07.385163,36.54127366666667,128.79314133333332
2024-07-24 19:14:07.527167,36.54127283333333,128.79314266666665
2024-07-24 19:14:07.625382,36.54127233333333,128.79314366666668
2024-07-24 19:14:07.726537,36.541272166666666,128.79314433333334
2024-07-24 19:14:07.820694,36.54127183333333,128.79314483333334
2024-07-24 19:14:07.924383,36.54127166666667,128.7931455
2024-07-24 19:14:08.024206,36.54127133333333,128.79314616666667
2024-07-24 19:14:08.124669,36.541271,128.793147
2024-07-24 19:14:08.225503,36.5412705,128.79314783333334
2024-07-24 19:14:08.323549,36.54127,128.79314883333333
2024-07-24 19:14:08.441692,36.5412695,128.7931495
2024-07-24 19:14:08.574743,36.541269166666666,128.7931505
2024-07-24 19:14:08.675323,36.54126883333333,128.79315116666666
2024-07-24 19:14:08.768268,36.5412685,128.79315183333333
2024-07-24 19:14:08.869944,36.54126816666667,128.79315266666666
2024-07-24 19:14:08.973288,36.541267833333336,128.79315366666663
2024-07-24 19:14:09.074365,36.54126733333333,128.79315483333335
2024-07-24 19:14:09.172526,36.541267,128.79315583333334
2024-07-24 19:14:09.273332,36.541266666666665,128.7931565
2024-07-24 19:14:09.380162,36.5412665,128.79315716666667
2024-07-24 19:14:09.474141,36.54126633333333,128.793158
2024-07-24 19:14:09.574949,36.541266,128.79315883333334
2024-07-24 19:14:09.676339,36.54126566666667,128.79315983333333
2024-07-24 19:14:09.774228,36.54126516666667,128.793161
2024-07-24 19:14:09.875525,36.54126466666666,128.793162
2024-07-24 19:14:09.975109,36.5412645,128.79316266666666